Date,AMC Close
5/1/2015,30.75
5/4/2015,30.49
5/5/2015,29.97
5/6/2015,29.54
5/7/2015,29.83
5/8/2015,29.66
5/11/2015,29.97
5/12/2015,29.01
5/13/2015,29.39
5/14/2015,29.46
5/15/2015,29.11
5/18/2015,29.9
5/19/2015,29.4
5/20/2015,29.46
5/21/2015,29.37
5/22/2015,29.6
5/26/2015,29.52
5/27/2015,29.26
5/28/2015,29.25
5/29/2015,28.91
6/1/2015,28
6/2/2015,27.87
6/3/2015,28.44
6/4/2015,28.24
6/5/2015,28.83
6/8/2015,28.39
6/9/2015,28.51
6/10/2015,28.22
6/11/2015,28.57
6/12/2015,28.47
6/15/2015,28.87
6/16/2015,28.47
6/17/2015,28.01
6/18/2015,29.58
6/19/2015,30.1
6/22/2015,30.55
6/23/2015,30.42
6/24/2015,30.13
6/25/2015,30.28
6/26/2015,31.64
6/29/2015,30.44
6/30/2015,30.68
7/1/2015,30.38
7/2/2015,30.78
7/6/2015,30.61
7/7/2015,30.85
7/8/2015,30.47
7/9/2015,30.63
7/10/2015,31.35
7/13/2015,31.84
7/14/2015,32.64
7/15/2015,32.5
7/16/2015,32.61
7/17/2015,32.82
7/20/2015,32.9
7/21/2015,31.89
7/22/2015,32.33
7/23/2015,32.21
7/24/2015,31.05
7/27/2015,30.75
7/28/2015,29.93
7/29/2015,30.43
7/30/2015,31.69
7/31/2015,32.25
8/3/2015,32.17
8/4/2015,31.59
8/5/2015,30.56
8/6/2015,29.47
8/7/2015,29.59
8/10/2015,29.7
8/11/2015,28.28
8/12/2015,28.36
8/13/2015,29.07
8/14/2015,29.46
8/17/2015,30.76
8/18/2015,30.59
8/19/2015,31
8/20/2015,29.8
8/21/2015,29.27
8/24/2015,28
8/25/2015,28.46
8/26/2015,28.77
8/27/2015,28.86
8/28/2015,29.01
8/31/2015,28.98
9/1/2015,27.71
9/2/2015,27.9
9/3/2015,27.43
9/4/2015,27.71
9/8/2015,27.91
9/9/2015,27.16
9/10/2015,27.13
9/11/2015,26.93
9/14/2015,26.94
9/15/2015,27.12
9/16/2015,27.18
9/17/2015,27.61
9/18/2015,27.99
9/21/2015,27.19
9/22/2015,25.87
9/23/2015,25.19
9/24/2015,25.62
9/25/2015,25.49
9/28/2015,24.46
9/29/2015,24.27
9/30/2015,25.19
10/1/2015,24.89
10/2/2015,25.21
10/5/2015,25.7
10/6/2015,26.18
10/7/2015,26.75
10/8/2015,27.33
10/9/2015,27.21
10/12/2015,27.34
10/13/2015,27.17
10/14/2015,26.98
10/15/2015,27.16
10/16/2015,26.82
10/19/2015,27.2
10/20/2015,26.44
10/21/2015,25.49
10/22/2015,26
10/23/2015,26.68
10/26/2015,26.59
10/27/2015,26.21
10/28/2015,27.39
10/29/2015,27.32
10/30/2015,27.37
11/2/2015,27.5
11/3/2015,26.52
11/4/2015,25.84
11/5/2015,26.38
11/6/2015,27.08
11/9/2015,26.76
11/10/2015,27.3
11/11/2015,27.08
11/12/2015,26.66
11/13/2015,26.26
11/16/2015,26.14
11/17/2015,25.9
11/18/2015,26.15
11/19/2015,25.66
11/20/2015,25.55
11/23/2015,25.12
11/24/2015,24.88
11/25/2015,25.26
11/27/2015,25.05
11/30/2015,25.41
12/1/2015,25.44
12/2/2015,24.85
12/3/2015,24.6
12/4/2015,23.74
12/7/2015,23.39
12/8/2015,23.57
12/9/2015,23.09
12/10/2015,23.58
12/11/2015,23.08
12/14/2015,22.91
12/15/2015,24.13
12/16/2015,25.4
12/17/2015,25.14
12/18/2015,24.78
12/21/2015,24.14
12/22/2015,24.57
12/23/2015,23.48
12/24/2015,23.25
12/28/2015,23.03
12/29/2015,23.44
12/30/2015,23.66
12/31/2015,24
1/4/2016,23.17
1/5/2016,23.44
1/6/2016,23.2
1/7/2016,22.62
1/8/2016,22.38
1/11/2016,22.29
1/12/2016,22.36
1/13/2016,21.82
1/14/2016,21.57
1/15/2016,20.95
1/19/2016,20.91
1/20/2016,20.26
1/21/2016,20.14
1/22/2016,20.2
1/25/2016,20.09
1/26/2016,21.84
1/27/2016,20.92
1/28/2016,20.74
1/29/2016,21.8
2/1/2016,21.32
2/2/2016,20.85
2/3/2016,21.03
2/4/2016,21.61
2/5/2016,20.27
2/8/2016,20.25
2/9/2016,20.06
2/10/2016,20.09
2/11/2016,20.76
2/12/2016,20.46
2/16/2016,22.43
2/17/2016,21.72
2/18/2016,21.69
2/19/2016,21.87
2/22/2016,22.28
2/23/2016,22.04
2/24/2016,22.55
2/25/2016,22.47
2/26/2016,23.3
2/29/2016,24.03
3/1/2016,24.88
3/2/2016,25.35
3/3/2016,25.7
3/4/2016,27.02
3/7/2016,28.68
3/8/2016,28.39
3/9/2016,28.44
3/10/2016,28.95
3/11/2016,29.54
3/14/2016,29.39
3/15/2016,28.88
3/16/2016,29
3/17/2016,28.98
3/18/2016,29.41
3/21/2016,28.85
3/22/2016,28.35
3/23/2016,27.97
3/24/2016,28.06
3/28/2016,28.73
3/29/2016,28.95
3/30/2016,28.36
3/31/2016,27.99
4/1/2016,28.64
4/4/2016,27.83
4/5/2016,27.52
4/6/2016,28.12
4/7/2016,27.3
4/8/2016,27.36
4/11/2016,26.95
4/12/2016,27.39
4/13/2016,28.16
4/14/2016,27.86
4/15/2016,27.57
4/18/2016,28.22
4/19/2016,27.75
4/20/2016,27.77
4/21/2016,27.46
4/22/2016,27.46
4/25/2016,26.99
4/26/2016,27.42
4/27/2016,28.01
4/28/2016,28.23
4/29/2016,28.18
5/2/2016,28.89
5/3/2016,28.53
5/4/2016,28.76
5/5/2016,28.87
5/6/2016,29.15
5/9/2016,29.15
5/10/2016,29.93
5/11/2016,29.65
5/12/2016,29.23
5/13/2016,29.31
5/16/2016,29.33
5/17/2016,29.31
5/18/2016,28.9
5/19/2016,28.03
5/20/2016,28.23
5/23/2016,28.15
5/24/2016,28.66
5/25/2016,28.48
5/26/2016,28.53
5/27/2016,29.12
5/31/2016,28.74
6/1/2016,28.93
6/2/2016,28.99
6/3/2016,28.58
6/6/2016,28.19
6/7/2016,27.91
6/8/2016,27.9
6/9/2016,27.82
6/10/2016,26.94
6/13/2016,26.53
6/14/2016,26.58
6/15/2016,26.86
6/16/2016,27.23
6/17/2016,27.05
6/20/2016,27.4
6/21/2016,27.1
6/22/2016,26.93
6/23/2016,27.24
6/24/2016,26.94
6/27/2016,26.02
6/28/2016,26.51
6/29/2016,27.42
6/30/2016,27.61
7/1/2016,28.19
7/5/2016,27.41
7/6/2016,27.11
7/7/2016,27.59
7/8/2016,27.59
7/11/2016,27.77
7/12/2016,29.8
7/13/2016,30.63
7/14/2016,30.6
7/15/2016,30.63
7/18/2016,30.56
7/19/2016,30.49
7/20/2016,30.06
7/21/2016,30.08
7/22/2016,30.6
7/25/2016,29.92
7/26/2016,29.94
7/27/2016,29.26
7/28/2016,29.53
7/29/2016,29.42
8/1/2016,28.46
8/2/2016,27.83
8/3/2016,28.23
8/4/2016,28.66
8/5/2016,29.03
8/8/2016,28.92
8/9/2016,28.87
8/10/2016,29.4
8/11/2016,29.65
8/12/2016,29.8
8/15/2016,29.71
8/16/2016,29.75
8/17/2016,29.66
8/18/2016,30.09
8/19/2016,29.91
8/22/2016,29.66
8/23/2016,29.75
8/24/2016,30.1
8/25/2016,30.16
8/26/2016,29.63
8/29/2016,29.79
8/30/2016,29.82
8/31/2016,30.41
9/1/2016,30.51
9/2/2016,30.5
9/6/2016,30.53
9/7/2016,30.99
9/8/2016,30.83
9/9/2016,30.3
9/12/2016,31
9/13/2016,30.95
9/14/2016,31
9/15/2016,31.61
9/16/2016,31.91
9/19/2016,31.84
9/20/2016,31.77
9/21/2016,31.5
9/22/2016,31.66
9/23/2016,31.33
9/26/2016,30.63
9/27/2016,31.32
9/28/2016,31.31
9/29/2016,30.8
9/30/2016,31.09
10/3/2016,32.22
10/4/2016,31.63
10/5/2016,31.94
10/6/2016,32.46
10/7/2016,32.24
10/10/2016,32.3
10/11/2016,31.5
10/12/2016,31.9
10/13/2016,31.35
10/14/2016,31.75
10/17/2016,31.55
10/18/2016,31.6
10/19/2016,31.55
10/20/2016,31.6
10/21/2016,31.8
10/24/2016,32.1
10/25/2016,31.6
10/26/2016,31.7
10/27/2016,31.45
10/28/2016,31.35
10/31/2016,31.45
11/1/2016,30.7
11/2/2016,30.6
11/3/2016,30.8
11/4/2016,31.3
11/7/2016,32.1
11/8/2016,32.25
11/9/2016,33.4
11/10/2016,33.4
11/11/2016,34.5
11/14/2016,34.5
11/15/2016,34.55
11/16/2016,34.5
11/17/2016,35.5
11/18/2016,35.05
11/21/2016,34.75
11/22/2016,34.7
11/23/2016,34.9
11/25/2016,34.95
11/28/2016,33.9
11/29/2016,34.55
11/30/2016,33.95
12/1/2016,33.5
12/2/2016,32.25
12/5/2016,33.1
12/6/2016,33.8
12/7/2016,32.65
12/8/2016,32.1
12/9/2016,32.6
12/12/2016,32.35
12/13/2016,32
12/14/2016,31.75
12/15/2016,32
12/16/2016,31.9
12/19/2016,33.2
12/20/2016,33.45
12/21/2016,34.7
12/22/2016,35.1
12/23/2016,35.3
12/27/2016,35.45
12/28/2016,34.55
12/29/2016,34.2
12/30/2016,33.65
1/3/2017,34.75
1/4/2017,34.2
1/5/2017,34
1/6/2017,33.8
1/9/2017,33.3
1/10/2017,34.15
1/11/2017,34.3
1/12/2017,34
1/13/2017,34.25
1/17/2017,33.9
1/18/2017,33.8
1/19/2017,33.9
1/20/2017,34.3
1/23/2017,34.1
1/24/2017,34.3
1/25/2017,34.15
1/26/2017,34.25
1/27/2017,34
1/30/2017,34.15
1/31/2017,33.75
2/1/2017,33
2/2/2017,33.05
2/3/2017,32.9
2/6/2017,32.65
2/7/2017,32.5
2/8/2017,31.05
2/9/2017,31
2/10/2017,31.35
2/13/2017,31.35
2/14/2017,31.4
2/15/2017,31.5
2/16/2017,31.25
2/17/2017,31.2
2/21/2017,30.85
2/22/2017,31.35
2/23/2017,31.35
2/24/2017,31.4
2/27/2017,31.45
2/28/2017,31.35
3/1/2017,30.4
3/2/2017,29.75
3/3/2017,29.4
3/6/2017,29.3
3/7/2017,29.45
3/8/2017,29.55
3/9/2017,29.55
3/10/2017,30.15
3/13/2017,30.4
3/14/2017,30.55
3/15/2017,30.1
3/16/2017,30.2
3/17/2017,30.6
3/20/2017,30.6
3/21/2017,30.15
3/22/2017,30.3
3/23/2017,30.2
3/24/2017,30.85
3/27/2017,30.8
3/28/2017,30.55
3/29/2017,30.95
3/30/2017,31.15
3/31/2017,31.45
4/3/2017,31.85
4/4/2017,31.55
4/5/2017,31
4/6/2017,30.8
4/7/2017,30.35
4/10/2017,30.65
4/11/2017,30.7
4/12/2017,30.3
4/13/2017,30.2
4/17/2017,30.7
4/18/2017,30.5
4/19/2017,30.4
4/20/2017,30.95
4/21/2017,30.9
4/24/2017,30.7
4/25/2017,31
4/26/2017,31.2
4/27/2017,30.7
4/28/2017,30.3
5/1/2017,29.8
5/2/2017,30.05
5/3/2017,30.1
5/4/2017,29.4
5/5/2017,29.1
5/8/2017,28.8
5/9/2017,28.9
5/10/2017,27.95
5/11/2017,27.5
5/12/2017,26.9
5/15/2017,26.45
5/16/2017,25.75
5/17/2017,24.6
5/18/2017,24.5
5/19/2017,25.3
5/22/2017,25
5/23/2017,24.65
5/24/2017,23.5
5/25/2017,23.4
5/26/2017,24.7
5/30/2017,23.35
5/31/2017,22.5
6/1/2017,23.45
6/2/2017,24.8
6/5/2017,25
6/6/2017,24.4
6/7/2017,23.75
6/8/2017,23.65
6/9/2017,23.3
6/12/2017,23.5
6/13/2017,24.25
6/14/2017,24.2
6/15/2017,24.05
6/16/2017,24.65
6/19/2017,24.75
6/20/2017,23.6
6/21/2017,23.05
6/22/2017,23.05
6/23/2017,23.6
6/26/2017,23.55
6/27/2017,23.35
6/28/2017,23.9
6/29/2017,23.65
6/30/2017,22.75
7/3/2017,23.2
7/5/2017,22.45
7/6/2017,21.65
7/7/2017,21.95
7/10/2017,21.5
7/11/2017,22.3
7/12/2017,21.4
7/13/2017,22.15
7/14/2017,21.9
7/17/2017,19.7
7/18/2017,20.1
7/19/2017,19.85
7/20/2017,20.6
7/21/2017,20.35
7/24/2017,20.5
7/25/2017,20.85
7/26/2017,21.05
7/27/2017,20.7
7/28/2017,20.5
7/31/2017,20.4
8/1/2017,20.8
8/2/2017,15.2
8/3/2017,15.1
8/4/2017,16.25
8/7/2017,16.1
8/8/2017,16.15
8/9/2017,15.5
8/10/2017,14.45
8/11/2017,14.05
8/14/2017,13.6
8/15/2017,13.25
8/16/2017,13.3
8/17/2017,13.15
8/18/2017,13
8/21/2017,13.05
8/22/2017,12.85
8/23/2017,12.55
8/24/2017,12.8
8/25/2017,12.9
8/28/2017,13.05
8/29/2017,12.85
8/30/2017,13.45
8/31/2017,13.4
9/1/2017,14.15
9/5/2017,14.5
9/6/2017,14.4
9/7/2017,13.8
9/8/2017,13.35
9/11/2017,14.1
9/12/2017,14.2
9/13/2017,15.2
9/14/2017,16.05
9/15/2017,16.95
9/18/2017,16.65
9/19/2017,15.65
9/20/2017,15.35
9/21/2017,15.8
9/22/2017,15.9
9/25/2017,15.15
9/26/2017,15.4
9/27/2017,15.5
9/28/2017,15
9/29/2017,14.7
10/2/2017,14.7
10/3/2017,15.9
10/4/2017,15.8
10/5/2017,16.05
10/6/2017,15.2
10/9/2017,14
10/10/2017,13.85
10/11/2017,13.75
10/12/2017,13.85
10/13/2017,13.75
10/16/2017,13.75
10/17/2017,13.75
10/18/2017,13.6
10/19/2017,14.25
10/20/2017,14
10/23/2017,14.15
10/24/2017,14.3
10/25/2017,14.05
10/26/2017,14.7
10/27/2017,14.75
10/30/2017,13.9
10/31/2017,13.9
11/1/2017,13.45
11/2/2017,12.85
11/3/2017,11.9
11/6/2017,12.2
11/7/2017,12.3
11/8/2017,11.8
11/9/2017,11.4
11/10/2017,11
11/13/2017,11.65
11/14/2017,12.2
11/15/2017,12.55
11/16/2017,12.45
11/17/2017,12.95
11/20/2017,12.75
11/21/2017,12.7
11/22/2017,13.2
11/24/2017,13.85
11/27/2017,14.9
11/28/2017,16.15
11/29/2017,15.4
11/30/2017,14.25
12/1/2017,14
12/4/2017,14.3
12/5/2017,14.45
12/6/2017,14.25
12/7/2017,14.35
12/8/2017,14.65
12/11/2017,15.25
12/12/2017,15.25
12/13/2017,15.15
12/14/2017,15.8
12/15/2017,15.1
12/18/2017,15.25
12/19/2017,15.25
12/20/2017,14.85
12/21/2017,15.4
12/22/2017,14.9
12/26/2017,14.4
12/27/2017,14.1
12/28/2017,14.85
12/29/2017,15.1
1/2/2018,15.4
1/3/2018,15
1/4/2018,14.45
1/5/2018,14.1
1/8/2018,13.8
1/9/2018,13.9
1/10/2018,13.95
1/11/2018,14.1
1/12/2018,14.45
1/16/2018,13.65
1/17/2018,13.75
1/18/2018,13.4
1/19/2018,13.2
1/22/2018,13.25
1/23/2018,13.4
1/24/2018,13.2
1/25/2018,13.15
1/26/2018,12.85
1/29/2018,12.85
1/30/2018,12.6
1/31/2018,12.8
2/1/2018,13.5
2/2/2018,13.95
2/5/2018,13.35
2/6/2018,13.75
2/7/2018,14.2
2/8/2018,13.75
2/9/2018,13.45
2/12/2018,13.9
2/13/2018,13.85
2/14/2018,14.25
2/15/2018,14.65
2/16/2018,14.4
2/20/2018,14.5
2/21/2018,14.4
2/22/2018,14.3
2/23/2018,14.85
2/26/2018,15.45
2/27/2018,15.75
2/28/2018,15
3/1/2018,14.75
3/2/2018,15.75
3/5/2018,15.75
3/6/2018,15.95
3/7/2018,15.7
3/8/2018,15.55
3/9/2018,15.7
3/12/2018,15.65
3/13/2018,14.75
3/14/2018,15.05
3/15/2018,14.75
3/16/2018,14.2
3/19/2018,14.15
3/20/2018,14.05
3/21/2018,14.15
3/22/2018,13.8
3/23/2018,13.9
3/26/2018,13.95
3/27/2018,13.6
3/28/2018,13.5
3/29/2018,14.05
4/2/2018,14.15
4/3/2018,15.25
4/4/2018,15.4
4/5/2018,16.35
4/6/2018,16.45
4/9/2018,16.45
4/10/2018,16.8
4/11/2018,16.7
4/12/2018,16.5
4/13/2018,16.95
4/16/2018,17.15
4/17/2018,17.4
4/18/2018,17.55
4/19/2018,17.25
4/20/2018,17
4/23/2018,17.15
4/24/2018,17.2
4/25/2018,17.25
4/26/2018,17.2
4/27/2018,17.2
4/30/2018,17.45
5/1/2018,16.4
5/2/2018,16.5
5/3/2018,16.55
5/4/2018,16.3
5/7/2018,17.2
5/8/2018,16.8
5/9/2018,16.05
5/10/2018,16.45
5/11/2018,16.3
5/14/2018,16.4
5/15/2018,16.55
5/16/2018,16.6
5/17/2018,16.6
5/18/2018,16.6
5/21/2018,16.05
5/22/2018,15.6
5/23/2018,15.2
5/24/2018,15.25
5/25/2018,15.05
5/29/2018,14.45
5/30/2018,14.85
5/31/2018,14.8
6/1/2018,14.8
6/4/2018,14.55
6/5/2018,14.75
6/6/2018,14.7
6/7/2018,14.65
6/8/2018,14.45
6/11/2018,14.95
6/12/2018,15.65
6/13/2018,15.45
6/14/2018,15.75
6/15/2018,15.6
6/18/2018,16
6/19/2018,16.25
6/20/2018,16.6
6/21/2018,17.2
6/22/2018,16.6
6/25/2018,16.5
6/26/2018,15.85
6/27/2018,15.6
6/28/2018,16.15
6/29/2018,15.9
7/2/2018,15.75
7/3/2018,15.85
7/5/2018,16.8
7/6/2018,17.3
7/9/2018,17.15
7/10/2018,17.35
7/11/2018,17.4
7/12/2018,17
7/13/2018,17.05
7/16/2018,16.7
7/17/2018,16.85
7/18/2018,16.35
7/19/2018,16.45
7/20/2018,15.95
7/23/2018,15.55
7/24/2018,15.5
7/25/2018,15.25
7/26/2018,15.7
7/27/2018,15.7
7/30/2018,15.35
7/31/2018,16.3
8/1/2018,16.05
8/2/2018,16.55
8/3/2018,17.15
8/6/2018,17.3
8/7/2018,17.2
8/8/2018,17.5
8/9/2018,16.9
8/10/2018,17.45
8/13/2018,17.45
8/14/2018,17.5
8/15/2018,17.7
8/16/2018,18.1
8/17/2018,18.35
8/20/2018,18.55
8/21/2018,18.85
8/22/2018,19
8/23/2018,19.2
8/24/2018,19.15
8/27/2018,18.7
8/28/2018,19.15
8/29/2018,18.95
8/30/2018,18.8
8/31/2018,19.05
9/4/2018,19.25
9/5/2018,19.3
9/6/2018,19.75
9/7/2018,19.9
9/10/2018,19.9
9/11/2018,19.8
9/12/2018,20.05
9/13/2018,20.1
9/14/2018,19.8
9/17/2018,19.95
9/18/2018,20
9/19/2018,20.65
9/20/2018,20.75
9/21/2018,21.35
9/24/2018,20.4
9/25/2018,19.9
9/26/2018,20.15
9/27/2018,20.45
9/28/2018,20.5
10/1/2018,19.86
10/2/2018,19.76
10/3/2018,20.09
10/4/2018,19.97
10/5/2018,19.7
10/8/2018,19.6
10/9/2018,19.61
10/10/2018,18.75
10/11/2018,18.41
10/12/2018,18.86
10/15/2018,19.27
10/16/2018,20.15
10/17/2018,19.81
10/18/2018,19.64
10/19/2018,19.81
10/22/2018,19.8
10/23/2018,19.7
10/24/2018,17.83
10/25/2018,18.71
10/26/2018,17.83
10/29/2018,18.72
10/30/2018,19.24
10/31/2018,19.26
11/1/2018,19.24
11/2/2018,19
11/5/2018,19.18
11/6/2018,18.42
11/7/2018,18.38
11/8/2018,18.13
11/9/2018,15.66
11/12/2018,15.19
11/13/2018,15.54
11/14/2018,15.68
11/15/2018,14.74
11/16/2018,14.05
11/19/2018,13.49
11/20/2018,13.29
11/21/2018,13.94
11/23/2018,13.88
11/26/2018,14.16
11/27/2018,13.45
11/28/2018,13.84
11/29/2018,13.96
11/30/2018,13.65
12/3/2018,14.22
12/4/2018,14.26
12/6/2018,14.63
12/7/2018,14.27
12/10/2018,14.3
12/11/2018,15.12
12/12/2018,15.27
12/13/2018,14.86
12/14/2018,14.51
12/17/2018,14.07
12/18/2018,13.96
12/19/2018,13.37
12/20/2018,12.98
12/21/2018,12.34
12/24/2018,12.26
12/26/2018,12.68
12/27/2018,12.2
12/28/2018,12.42
12/31/2018,12.28
1/2/2019,12.89
1/3/2019,13.06
1/4/2019,13.54
1/7/2019,14.12
1/8/2019,14.57
1/9/2019,13.95
1/10/2019,13.73
1/11/2019,14.03
1/14/2019,14.13
1/15/2019,14.31
1/16/2019,14.1
1/17/2019,14.11
1/18/2019,14.46
1/22/2019,13.51
1/23/2019,13.79
1/24/2019,14.25
1/25/2019,14.01
1/28/2019,14.01
1/29/2019,14.19
1/30/2019,14.12
1/31/2019,14.65
2/1/2019,14.19
2/4/2019,14.35
2/5/2019,14.07
2/6/2019,13.79
2/7/2019,13.32
2/8/2019,13.72
2/11/2019,13.17
2/12/2019,13.26
2/13/2019,13.51
2/14/2019,13.65
2/15/2019,13.79
2/19/2019,13.2
2/20/2019,13.67
2/21/2019,13.7
2/22/2019,13.87
2/25/2019,13.64
2/26/2019,13.56
2/27/2019,13.87
2/28/2019,14.03
3/1/2019,16
3/4/2019,15.5
3/5/2019,15.62
3/6/2019,15.13
3/7/2019,14.8
3/8/2019,14.72
3/11/2019,14.65
3/12/2019,14.42
3/13/2019,14.43
3/14/2019,14.48
3/15/2019,14.5
3/18/2019,15
3/19/2019,14.75
3/20/2019,14.96
3/21/2019,15.42
3/22/2019,15.06
3/25/2019,15.3
3/26/2019,14.94
3/27/2019,14.84
3/28/2019,14.77
3/29/2019,14.85
4/1/2019,14.99
4/2/2019,14.78
4/3/2019,14.61
4/4/2019,15.01
4/5/2019,14.98
4/8/2019,16.31
4/9/2019,16.15
4/10/2019,16.15
4/11/2019,16.12
4/12/2019,16.43
4/15/2019,16.5
4/16/2019,16.59
4/17/2019,16.59
4/18/2019,16.05
4/22/2019,15.26
4/23/2019,15.25
4/24/2019,15.44
4/25/2019,15.3
4/26/2019,15.4
4/29/2019,15.5
4/30/2019,15.16
5/1/2019,14.71
5/2/2019,14.7
5/3/2019,14.59
5/6/2019,14.87
5/7/2019,14.97
5/8/2019,14.65
5/9/2019,13.63
5/10/2019,13.82
5/13/2019,13.29
5/14/2019,13.5
5/15/2019,13.58
5/16/2019,13.4
5/17/2019,13.13
5/20/2019,13
5/21/2019,13.21
5/22/2019,13.04
5/23/2019,12.95
5/24/2019,12.69
5/28/2019,12.5
5/29/2019,12.06
5/30/2019,12.01
5/31/2019,11.98
6/3/2019,11.9
6/4/2019,11.78
6/5/2019,11.18
6/6/2019,11.09
6/7/2019,10.75
6/10/2019,10.94
6/11/2019,11.04
6/12/2019,10.69
6/13/2019,10.95
6/14/2019,10.96
6/17/2019,11.18
6/18/2019,11.41
6/19/2019,11.53
6/20/2019,10.93
6/21/2019,10.6
6/24/2019,10.01
6/25/2019,9.48
6/26/2019,9.45
6/27/2019,9.49
6/28/2019,9.33
7/1/2019,9.27
7/2/2019,9.21
7/3/2019,9.1
7/5/2019,9.4
7/8/2019,8.86
7/9/2019,8.91
7/10/2019,9.22
7/11/2019,9.45
7/12/2019,9.46
7/15/2019,9.49
7/16/2019,9.78
7/17/2019,9.81
7/18/2019,9.62
7/19/2019,10.54
7/22/2019,10.41
7/23/2019,10.3
7/24/2019,10.78
7/25/2019,10.94
7/26/2019,11.25
7/29/2019,11.45
7/30/2019,11.74
7/31/2019,11.83
8/1/2019,11.26
8/2/2019,11.62
8/5/2019,11.1
8/6/2019,11.32
8/7/2019,11.35
8/8/2019,12.01
8/9/2019,12.18
8/12/2019,11.76
8/13/2019,11.67
8/14/2019,10.75
8/15/2019,10.84
8/16/2019,11.15
8/19/2019,11.39
8/20/2019,11.34
8/21/2019,11.41
8/22/2019,11.51
8/23/2019,11.01
8/26/2019,11.31
8/27/2019,10.86
8/28/2019,11.25
8/29/2019,11.3
8/30/2019,11.11
9/3/2019,11.4
9/4/2019,11.71
9/5/2019,12.02
9/6/2019,11.52
9/9/2019,11.68
9/10/2019,11.65
9/11/2019,11.74
9/12/2019,11.7
9/13/2019,11.96
9/16/2019,11.91
9/17/2019,11.49
9/18/2019,11.17
9/19/2019,10.77
9/20/2019,10.85
9/23/2019,10.72
9/24/2019,10.71
9/25/2019,10.81
9/26/2019,10.82
9/27/2019,10.78
9/30/2019,10.7
10/1/2019,10.62
10/2/2019,10.22
10/3/2019,9.93
10/4/2019,9.82
10/7/2019,9.78
10/8/2019,9.83
10/9/2019,9.39
10/10/2019,9.16
10/11/2019,9.22
10/14/2019,8.95
10/15/2019,9.17
10/16/2019,9.34
10/17/2019,9.34
10/18/2019,9.36
10/21/2019,9.22
10/22/2019,9.76
10/23/2019,9.87
10/24/2019,9.6
10/25/2019,9.72
10/28/2019,9.91
10/29/2019,9.81
10/30/2019,9.4
10/31/2019,9.37
11/1/2019,9.62
11/4/2019,9.75
11/5/2019,9.78
11/6/2019,9.69
11/7/2019,9.24
11/8/2019,9.62
11/11/2019,9.54
11/12/2019,9.28
11/13/2019,8.8
11/14/2019,8.88
11/15/2019,8.76
11/18/2019,8.47
11/19/2019,8.47
11/20/2019,8.13
11/21/2019,7.94
11/22/2019,7.96
11/25/2019,8.38
11/26/2019,7.9
11/27/2019,8.43
11/29/2019,8.18
12/2/2019,8.67
12/3/2019,8.27
12/4/2019,7.93
12/5/2019,7.87
12/6/2019,8.05
12/9/2019,8.23
12/10/2019,8.1
12/11/2019,8.16
12/12/2019,8.3
12/13/2019,8.22
12/16/2019,8.35
12/17/2019,8.12
12/18/2019,7.96
12/19/2019,7.8
12/20/2019,7.73
12/23/2019,7.32
12/24/2019,7.51
12/26/2019,7.34
12/27/2019,7.3
12/30/2019,7.24
12/31/2019,7.24
1/2/2020,7.46
1/3/2020,7.32
1/6/2020,7.12
1/7/2020,7.13
1/8/2020,6.62
1/9/2020,6.46
1/10/2020,6.47
1/13/2020,6.56
1/14/2020,6.85
1/15/2020,7.11
1/16/2020,7.33
1/17/2020,7.28
1/21/2020,7.18
1/22/2020,6.97
1/23/2020,6.8
1/24/2020,6.74
1/27/2020,6.36
1/28/2020,6.79
1/29/2020,6.77
1/30/2020,6.84
1/31/2020,6.52
2/3/2020,6.45
2/4/2020,6.65
2/5/2020,7
2/6/2020,6.75
2/7/2020,6.55
2/10/2020,6.79
2/11/2020,6.94
2/12/2020,6.86
2/13/2020,7
2/14/2020,7.1
2/18/2020,7.04
2/19/2020,7.31
2/20/2020,7.76
2/21/2020,7.46
2/24/2020,7.05
2/25/2020,6.55
2/26/2020,5.93
2/27/2020,6.09
2/28/2020,6.26
3/2/2020,6.11
3/3/2020,5.81
3/4/2020,5.82
3/5/2020,4.92
3/6/2020,4.53
3/9/2020,3.85
3/10/2020,4.2
3/11/2020,3.64
3/12/2020,2.91
3/13/2020,3.22
3/16/2020,2.6
3/17/2020,2.48
3/18/2020,2.47
3/19/2020,3.37
3/20/2020,3.19
3/23/2020,3.15
3/24/2020,3.56
3/25/2020,3.46
3/26/2020,3.7
3/27/2020,3.6
3/30/2020,3.04
3/31/2020,3.16
4/1/2020,2.62
4/2/2020,2.24
4/3/2020,2.27
4/6/2020,2.88
4/7/2020,3.14
4/8/2020,3.3
4/9/2020,2.6
4/13/2020,2.08
4/14/2020,2.18
4/15/2020,2.41
4/16/2020,2.44
4/17/2020,3.2
4/20/2020,3.18
4/21/2020,3.25
4/22/2020,3.18
4/23/2020,3.11
4/24/2020,3.05
4/27/2020,3.36
4/28/2020,4.14
4/29/2020,5.19
4/30/2020,4.92
5/1/2020,4.57
5/4/2020,4.3
5/5/2020,3.89
5/6/2020,3.92
5/7/2020,3.99
5/8/2020,4.1
5/11/2020,5.32
5/12/2020,5.12
5/13/2020,4.6
5/14/2020,4.55
5/15/2020,4.52
5/18/2020,4.72
5/19/2020,4.56
5/20/2020,4.66
5/21/2020,4.63
5/22/2020,4.58
5/26/2020,5.11
5/27/2020,5.6
5/28/2020,5.07
5/29/2020,5.13
6/1/2020,5.31
6/2/2020,5.59
6/3/2020,5.45
6/4/2020,5.38
6/5/2020,5.91
6/8/2020,6.45
6/9/2020,5.99
6/10/2020,6.29
6/11/2020,5.17
6/12/2020,5.89
6/15/2020,5.8
6/16/2020,5.56
6/17/2020,5.42
6/18/2020,5.63
6/19/2020,5.52
6/22/2020,5.33
6/23/2020,5.1
6/24/2020,4.79
6/25/2020,4.27
6/26/2020,4.18
6/29/2020,4.42
6/30/2020,4.29
7/1/2020,4.57
7/2/2020,4.53
7/6/2020,4.28
7/7/2020,4.13
7/8/2020,4.43
7/9/2020,4.57
7/10/2020,4.6
7/13/2020,4.26
7/14/2020,4.22
7/15/2020,4.5
7/16/2020,4.38
7/17/2020,4.27
7/20/2020,4.15
7/21/2020,4.15
7/22/2020,4.03
7/23/2020,4.06
7/24/2020,4
7/27/2020,3.87
7/28/2020,4.15
7/29/2020,4.16
7/30/2020,4.12
7/31/2020,4.04
8/3/2020,4.11
8/4/2020,4.1
8/5/2020,4.15
8/6/2020,4.14
8/7/2020,4.75
8/10/2020,4.47
8/11/2020,4.56
8/12/2020,4.64
8/13/2020,5.31
8/14/2020,5.54
8/17/2020,5.6
8/18/2020,5.35
8/19/2020,5.39
8/20/2020,5.69
8/21/2020,5.19
8/24/2020,5.41
8/25/2020,5.54
8/26/2020,5.6
8/27/2020,6.52
8/28/2020,6.3
8/31/2020,5.88
9/1/2020,6.07
9/2/2020,7.04
9/3/2020,6.6
9/4/2020,7.02
9/8/2020,6.42
9/9/2020,6.26
9/10/2020,5.94
9/11/2020,5.79
9/14/2020,5.54
9/15/2020,5.52
9/16/2020,5.76
9/17/2020,5.72
9/18/2020,5.67
9/21/2020,5.32
9/22/2020,5.21
9/23/2020,4.78
9/24/2020,4.61
9/25/2020,4.88
9/28/2020,4.91
9/29/2020,4.86
9/30/2020,4.71
10/1/2020,4.65
10/2/2020,4.65
10/5/2020,4.13
10/6/2020,4.06
10/7/2020,4.04
10/8/2020,4.14
10/9/2020,4.05
10/12/2020,4.08
10/13/2020,3.54
10/14/2020,2.96
10/15/2020,2.78
10/16/2020,3.04
10/19/2020,3.54
10/20/2020,3.09
10/21/2020,3
10/22/2020,3.12
10/23/2020,2.97
10/26/2020,2.75
10/27/2020,2.79
10/28/2020,2.61
10/29/2020,2.52
10/30/2020,2.36
11/2/2020,2.15
11/3/2020,2.34
11/4/2020,2.31
11/5/2020,2.46
11/6/2020,2.49
11/9/2020,3.77
11/10/2020,3.51
11/11/2020,3.13
11/12/2020,2.94
11/13/2020,2.97
11/16/2020,3.11
11/17/2020,2.98
11/18/2020,3.26
11/19/2020,3.19
11/20/2020,3.35
11/23/2020,3.81
11/24/2020,4.58
11/25/2020,4.49
11/27/2020,4.45
11/30/2020,4.27
12/1/2020,4.15
12/2/2020,4.32
12/3/2020,3.63
12/4/2020,3.51
12/7/2020,3.56
12/8/2020,3.98
12/9/2020,3.86
12/10/2020,4.09
12/11/2020,3.92
12/14/2020,3.19
12/15/2020,2.86
12/16/2020,2.78
12/17/2020,2.85
12/18/2020,2.8
12/21/2020,2.68
12/22/2020,2.59
12/23/2020,2.56
12/24/2020,2.51
12/28/2020,2.39
12/29/2020,2.29
12/30/2020,2.16
12/31/2020,2.12
1/4/2021,2.01
1/5/2021,1.98
1/6/2021,2.01
1/7/2021,2.05
1/8/2021,2.14
1/11/2021,2.2
1/12/2021,2.29
1/13/2021,2.18
1/14/2021,2.18
1/15/2021,2.33
1/19/2021,3.06
1/20/2021,2.97
1/21/2021,2.98
1/22/2021,3.51
1/25/2021,4.42
1/26/2021,4.96
1/27/2021,19.9
1/28/2021,8.63
1/29/2021,13.26
2/1/2021,13.3
2/2/2021,7.82
2/3/2021,8.97
2/4/2021,7.09
2/5/2021,6.83
2/8/2021,6.18
2/9/2021,5.5
2/10/2021,5.8
2/11/2021,5.61
2/12/2021,5.59
2/16/2021,5.65
2/17/2021,5.55
2/18/2021,5.51
2/19/2021,5.7
2/22/2021,6.55
2/23/2021,7.7
2/24/2021,9.09
2/25/2021,8.29
2/26/2021,8.01
3/1/2021,9.18
3/2/2021,8.93
3/3/2021,8.58
3/4/2021,8.03
3/5/2021,8.05
3/8/2021,9.29
3/9/2021,10.5
3/10/2021,9.85
3/11/2021,10.28
3/12/2021,11.16
3/15/2021,14.04
3/16/2021,13.02
3/17/2021,13.56
3/18/2021,14
3/19/2021,13.93
3/22/2021,12.49
3/23/2021,10.66
3/24/2021,9.02
3/25/2021,10.94
3/26/2021,10.24
3/29/2021,10.35
3/30/2021,10.35
3/31/2021,10.21
4/1/2021,9.36
4/5/2021,10.61
4/6/2021,10.2
4/7/2021,9.85
4/8/2021,9.79
4/9/2021,9.42
4/12/2021,8.62
4/13/2021,8.84
4/14/2021,9.35
4/15/2021,9.9
4/16/2021,9.33
4/19/2021,9.66
4/20/2021,9.28
4/21/2021,9.78
4/22/2021,9.99
4/23/2021,10.16
4/26/2021,11.5
4/27/2021,11.46
4/28/2021,10.85
4/29/2021,10.2
4/30/2021,10.03
5/3/2021,9.71
5/4/2021,9.39
5/5/2021,9.17
5/6/2021,9
5/7/2021,9.51
5/10/2021,9.74
5/11/2021,10.05
5/12/2021,10.32
5/13/2021,12.77
5/14/2021,12.98
5/17/2021,13.95
5/18/2021,14.03
5/19/2021,12.64
5/20/2021,12.55
5/21/2021,12.08
5/24/2021,13.68
5/25/2021,16.41
5/26/2021,19.56
5/27/2021,26.52
5/28/2021,26.12
6/1/2021,32.04
6/2/2021,62.55
6/3/2021,51.34
6/4/2021,47.91
6/7/2021,55
6/8/2021,55.05
6/9/2021,49.34
6/10/2021,42.81
6/11/2021,49.4
6/14/2021,57
6/15/2021,59.04
6/16/2021,55.18
6/17/2021,60.73
6/18/2021,59.26
6/21/2021,55.69
6/22/2021,58.27
6/23/2021,58.3
6/24/2021,56.7
6/25/2021,54.06
6/28/2021,58.11
6/29/2021,56.43
6/30/2021,56.68
7/1/2021,54.22
7/2/2021,51.96