Date,Hertz Close
5/1/2015,77.58
5/4/2015,75.46
5/5/2015,73.63
5/6/2015,71.96
5/7/2015,71.72
5/8/2015,72.62
5/11/2015,71.61
5/12/2015,68.91
5/13/2015,67.7
5/14/2015,67.83
5/15/2015,71.44
5/18/2015,71.89
5/19/2015,69.36
5/20/2015,71.09
5/21/2015,72.1
5/22/2015,73
5/26/2015,71.2
5/27/2015,70.75
5/28/2015,70.05
5/29/2015,68.98
6/1/2015,68.25
6/2/2015,71.06
6/3/2015,72.1
6/4/2015,71.06
6/5/2015,70.78
6/8/2015,70.09
6/9/2015,70.54
6/10/2015,71.61
6/11/2015,71.93
6/12/2015,72.48
6/15/2015,72.45
6/16/2015,71.02
6/17/2015,70.92
6/18/2015,73.42
6/19/2015,71.09
6/22/2015,70.95
6/23/2015,71.79
6/24/2015,70.26
6/25/2015,66.34
6/26/2015,66.17
6/29/2015,64.37
6/30/2015,62.84
7/1/2015,60.97
7/2/2015,59.82
7/6/2015,59.72
7/7/2015,61.56
7/8/2015,58.78
7/9/2015,58.33
7/10/2015,58.5
7/13/2015,58.85
7/14/2015,59.27
7/15/2015,59.13
7/16/2015,58.92
7/17/2015,65.93
7/20/2015,62.49
7/21/2015,61.66
7/22/2015,62.39
7/23/2015,57.05
7/24/2015,55.24
7/27/2015,54.76
7/28/2015,56.67
7/29/2015,57.05
7/30/2015,57.6
7/31/2015,58.92
8/3/2015,57.4
8/4/2015,58.61
8/5/2015,56.39
8/6/2015,56.63
8/7/2015,55.24
8/10/2015,59.37
8/11/2015,57.22
8/12/2015,62.08
8/13/2015,61.83
8/14/2015,63.01
8/17/2015,65.23
8/18/2015,65.41
8/19/2015,65.51
8/20/2015,63.05
8/21/2015,60
8/24/2015,58.26
8/25/2015,56.91
8/26/2015,59.51
8/27/2015,62.35
8/28/2015,63.46
8/31/2015,63.91
9/1/2015,60.07
9/2/2015,62.04
9/3/2015,62.28
9/4/2015,61.07
9/8/2015,62.6
9/9/2015,62.56
9/10/2015,63.29
9/11/2015,63.5
9/14/2015,62.49
9/15/2015,65.2
9/16/2015,66.55
9/17/2015,66.27
9/18/2015,62.87
9/21/2015,63.95
9/22/2015,60.55
9/23/2015,59.23
9/24/2015,59.58
9/25/2015,61.66
9/28/2015,57.98
9/29/2015,56.29
9/30/2015,58.02
10/1/2015,58.44
10/2/2015,60.69
10/5/2015,63.36
10/6/2015,61.18
10/7/2015,64.02
10/8/2015,68.67
10/9/2015,66.59
10/12/2015,66.72
10/13/2015,66.48
10/14/2015,67.7
10/15/2015,67.56
10/16/2015,66.24
10/19/2015,67.21
10/20/2015,67.63
10/21/2015,66.27
10/22/2015,66.27
10/23/2015,66.65
10/26/2015,67.45
10/27/2015,65.16
10/28/2015,67.31
10/29/2015,67.59
10/30/2015,67.63
11/2/2015,68.84
11/3/2015,64.64
11/4/2015,64.12
11/5/2015,62.56
11/6/2015,65.23
11/9/2015,57.01
11/10/2015,56.77
11/11/2015,56.77
11/12/2015,55.24
11/13/2015,55.11
11/16/2015,53.3
11/17/2015,56.56
11/18/2015,57.78
11/19/2015,58.09
11/20/2015,57.4
11/23/2015,55.63
11/24/2015,55.73
11/25/2015,56.29
11/27/2015,55.77
11/30/2015,55
12/1/2015,53.68
12/2/2015,52.44
12/3/2015,51.29
12/4/2015,50.08
12/7/2015,49.35
12/8/2015,47.51
12/9/2015,49.42
12/10/2015,50.42
12/11/2015,49.66
12/14/2015,48
12/15/2015,48.55
12/16/2015,51.26
12/17/2015,49.97
12/18/2015,49.56
12/21/2015,48.76
12/22/2015,49.97
12/23/2015,50.63
12/24/2015,51.29
12/28/2015,49.04
12/29/2015,50.32
12/30/2015,48.73
12/31/2015,49.35
1/4/2016,48.59
1/5/2016,48.69
1/6/2016,45.57
1/7/2016,43.45
1/8/2016,41.1
1/11/2016,40.02
1/12/2016,38.77
1/13/2016,36.21
1/14/2016,35.55
1/15/2016,33.71
1/19/2016,31.87
1/20/2016,31.7
1/21/2016,32.56
1/22/2016,33.81
1/25/2016,32.36
1/26/2016,35.44
1/27/2016,33.6
1/28/2016,32.49
1/29/2016,31.49
2/1/2016,31.84
2/2/2016,28.33
2/3/2016,29.3
2/4/2016,29.93
2/5/2016,28.89
2/8/2016,26.08
2/9/2016,25.7
2/10/2016,26.11
2/11/2016,24.62
2/12/2016,25.98
2/16/2016,28.19
2/17/2016,29.44
2/18/2016,29.69
2/19/2016,28.78
2/22/2016,30.62
2/23/2016,29.96
2/24/2016,25.91
2/25/2016,26.88
2/26/2016,28.68
2/29/2016,29.48
3/1/2016,33.08
3/2/2016,34.44
3/3/2016,34.71
3/4/2016,36.31
3/7/2016,37.11
3/8/2016,35.51
3/9/2016,35.23
3/10/2016,34.23
3/11/2016,38.43
3/14/2016,37.63
3/15/2016,35.93
3/16/2016,36.48
3/17/2016,38.53
3/18/2016,39.71
3/21/2016,39.22
3/22/2016,38.67
3/23/2016,36.45
3/24/2016,36.45
3/28/2016,34.02
3/29/2016,35.75
3/30/2016,35.51
3/31/2016,36.52
4/1/2016,35.37
4/4/2016,34.71
4/5/2016,33.12
4/6/2016,34.16
4/7/2016,32.77
4/8/2016,33.64
4/11/2016,29.79
4/12/2016,29.27
4/13/2016,31.28
4/14/2016,30.76
4/15/2016,30.17
4/18/2016,30.83
4/19/2016,30.93
4/20/2016,30.83
4/21/2016,31.35
4/22/2016,31.8
4/25/2016,30.41
4/26/2016,32.74
4/27/2016,33.67
4/28/2016,32.36
4/29/2016,32.11
5/2/2016,31.35
5/3/2016,30.03
5/4/2016,29.72
5/5/2016,29.86
5/6/2016,31.21
5/9/2016,30.38
5/10/2016,30.45
5/11/2016,30.59
5/12/2016,27.95
5/13/2016,26.7
5/16/2016,26.7
5/17/2016,30.07
5/18/2016,29.03
5/19/2016,29.13
5/20/2016,30.17
5/23/2016,30.55
5/24/2016,29.58
5/25/2016,31.56
5/26/2016,32.01
5/27/2016,32.04
5/31/2016,33.6
6/1/2016,34.3
6/2/2016,35.69
6/3/2016,34.85
6/6/2016,37.35
6/7/2016,39.53
6/8/2016,39.47
6/9/2016,38.77
6/10/2016,37.04
6/13/2016,36.41
6/14/2016,35.72
6/15/2016,37.56
6/16/2016,36.24
6/17/2016,36.52
6/20/2016,38.43
6/21/2016,38.43
6/22/2016,39.33
6/23/2016,41.13
6/24/2016,37.21
6/27/2016,34.19
6/28/2016,35.62
6/29/2016,37.35
6/30/2016,38.39
7/1/2016,38.39
7/5/2016,38.57
7/6/2016,38.08
7/7/2016,38.06
7/8/2016,41.92
7/11/2016,42.84
7/12/2016,44.19
7/13/2016,43.87
7/14/2016,44.2
7/15/2016,44.41
7/18/2016,44.64
7/19/2016,44.08
7/20/2016,44.85
7/21/2016,44.73
7/22/2016,45.61
7/25/2016,45.99
7/26/2016,46.04
7/27/2016,44.04
7/28/2016,43.6
7/29/2016,42.6
8/1/2016,40.85
8/2/2016,38.88
8/3/2016,39.41
8/4/2016,40.62
8/5/2016,40.9
8/8/2016,41.4
8/9/2016,39.34
8/10/2016,39.15
8/11/2016,39.69
8/12/2016,40.94
8/15/2016,42.73
8/16/2016,43.71
8/17/2016,43.37
8/18/2016,44.91
8/19/2016,44.63
8/22/2016,44.58
8/23/2016,44.85
8/24/2016,44.36
8/25/2016,44.32
8/26/2016,44.26
8/29/2016,44.29
8/30/2016,43.5
8/31/2016,43.11
9/1/2016,43.08
9/2/2016,43.4
9/6/2016,43.36
9/7/2016,44.23
9/8/2016,45.3
9/9/2016,43.33
9/12/2016,44.03
9/13/2016,42.08
9/14/2016,41.59
9/15/2016,42.04
9/16/2016,43.07
9/19/2016,42.06
9/20/2016,40.92
9/21/2016,41.16
9/22/2016,41.84
9/23/2016,40.69
9/26/2016,40.41
9/27/2016,36.36
9/28/2016,35.24
9/29/2016,33.95
9/30/2016,35.14
10/3/2016,34.68
10/4/2016,34.58
10/5/2016,34.71
10/6/2016,33.96
10/7/2016,32.16
10/10/2016,32.41
10/11/2016,31.41
10/12/2016,30.58
10/13/2016,29.57
10/14/2016,29.32
10/17/2016,29.23
10/18/2016,29.33
10/19/2016,28.79
10/20/2016,28.4
10/21/2016,28.83
10/24/2016,29.49
10/25/2016,29.74
10/26/2016,29.81
10/27/2016,29.46
10/28/2016,29.53
10/31/2016,29.01
11/1/2016,28.76
11/2/2016,28.31
11/3/2016,29.26
11/4/2016,29.16
11/7/2016,31.28
11/8/2016,24.24
11/9/2016,24.51
11/10/2016,24.91
11/11/2016,24.5
11/14/2016,24.5
11/15/2016,23.88
11/16/2016,23.14
11/17/2016,22
11/18/2016,22.08
11/21/2016,22.61
11/22/2016,22.95
11/23/2016,22.89
11/25/2016,22.66
11/28/2016,22.17
11/29/2016,21.82
11/30/2016,22.03
12/1/2016,21.54
12/2/2016,21.42
12/5/2016,21.89
12/6/2016,22
12/7/2016,21.96
12/8/2016,21.05
12/9/2016,21.16
12/12/2016,19.89
12/13/2016,21.99
12/14/2016,20.16
12/15/2016,19.47
12/16/2016,19.84
12/19/2016,19.76
12/20/2016,19.51
12/21/2016,19.65
12/22/2016,19.2
12/23/2016,19.23
12/27/2016,19.07
12/28/2016,18.67
12/29/2016,18.73
12/30/2016,18.87
1/3/2017,19.71
1/4/2017,20.68
1/5/2017,20.53
1/6/2017,20.38
1/9/2017,19.92
1/10/2017,19.64
1/11/2017,19.79
1/12/2017,19.3
1/13/2017,19.15
1/17/2017,18.88
1/18/2017,18.43
1/19/2017,18.17
1/20/2017,18.39
1/23/2017,18.32
1/24/2017,18.25
1/25/2017,18.6
1/26/2017,18.45
1/27/2017,18.74
1/30/2017,18.35
1/31/2017,18.35
2/1/2017,18.4
2/2/2017,18.11
2/3/2017,18.68
2/6/2017,18.06
2/7/2017,17.3
2/8/2017,17.31
2/9/2017,17.92
2/10/2017,17.88
2/13/2017,17.84
2/14/2017,18.43
2/15/2017,19.75
2/16/2017,18.95
2/17/2017,17.5
2/21/2017,17.52
2/22/2017,17.48
2/23/2017,17.58
2/24/2017,17.48
2/27/2017,17.5
2/28/2017,19.88
3/1/2017,19.42
3/2/2017,19.85
3/3/2017,20.36
3/6/2017,18.53
3/7/2017,18.45
3/8/2017,18.34
3/9/2017,18.62
3/10/2017,19.17
3/13/2017,18.77
3/14/2017,18.56
3/15/2017,19.1
3/16/2017,20
3/17/2017,18.98
3/20/2017,18.6
3/21/2017,16.98
3/22/2017,16.24
3/23/2017,15.59
3/24/2017,15.27
3/27/2017,15.1
3/28/2017,15.18
3/29/2017,15.48
3/30/2017,15.36
3/31/2017,15.35
4/3/2017,13.97
4/4/2017,13.65
4/5/2017,13.57
4/6/2017,13.73
4/7/2017,13.55
4/10/2017,14
4/11/2017,14.07
4/12/2017,13.8
4/13/2017,13.77
4/17/2017,13.98
4/18/2017,13.91
4/19/2017,13.77
4/20/2017,13.87
4/21/2017,13.69
4/24/2017,14.13
4/25/2017,14.68
4/26/2017,15.19
4/27/2017,15.19
4/28/2017,14.43
5/1/2017,14.42
5/2/2017,14.17
5/3/2017,13.53
5/4/2017,12.79
5/5/2017,13.11
5/8/2017,13.05
5/9/2017,11.2
5/10/2017,10.92
5/11/2017,9.68
5/12/2017,9.2
5/15/2017,9.35
5/16/2017,9.49
5/17/2017,8.66
5/18/2017,8.16
5/19/2017,8.8
5/22/2017,9.18
5/23/2017,8.58
5/24/2017,8.65
5/25/2017,8.37
5/26/2017,8.3
5/30/2017,8.24
5/31/2017,8.93
6/1/2017,8.67
6/2/2017,8.82
6/5/2017,8.4
6/6/2017,8.64
6/7/2017,8.1
6/8/2017,7.95
6/9/2017,7.71
6/12/2017,7.79
6/13/2017,8.41
6/14/2017,9.05
6/15/2017,8.36
6/16/2017,8.18
6/19/2017,8.27
6/20/2017,8
6/21/2017,7.61
6/22/2017,7.77
6/23/2017,8.35
6/26/2017,9.48
6/27/2017,9.3
6/28/2017,9.73
6/29/2017,9.99
6/30/2017,10.06
7/3/2017,9.91
7/5/2017,9.65
7/6/2017,9.77
7/7/2017,10.22
7/10/2017,10.38
7/11/2017,10.82
7/12/2017,11.39
7/13/2017,13.19
7/14/2017,13.32
7/17/2017,13.78
7/18/2017,14.1
7/19/2017,15.34
7/20/2017,14.6
7/21/2017,13.83
7/24/2017,14
7/25/2017,14.36
7/26/2017,14.57
7/27/2017,15.2
7/28/2017,15.17
7/31/2017,11.96
8/1/2017,12.68
8/2/2017,11.44
8/3/2017,11.36
8/4/2017,12.53
8/7/2017,13.34
8/8/2017,12.5
8/9/2017,15.38
8/10/2017,16.1
8/11/2017,16.32
8/14/2017,17.13
8/15/2017,17.66
8/16/2017,16.53
8/17/2017,16.2
8/18/2017,14.84
8/21/2017,15.19
8/22/2017,15.96
8/23/2017,15.82
8/24/2017,16.36
8/25/2017,15.07
8/28/2017,16.02
8/29/2017,16.56
8/30/2017,17.62
8/31/2017,19.02
9/1/2017,18.15
9/5/2017,17.9
9/6/2017,18.7
9/7/2017,19.69
9/8/2017,20.28
9/11/2017,20.63
9/12/2017,20.65
9/13/2017,20.94
9/14/2017,18.35
9/15/2017,18
9/18/2017,18.71
9/19/2017,19.02
9/20/2017,19.72
9/21/2017,20.27
9/22/2017,20.61
9/25/2017,20
9/26/2017,20.24
9/27/2017,20.75
9/28/2017,20.64
9/29/2017,19.57
10/2/2017,20.67
10/3/2017,20.98
10/4/2017,21.86
10/5/2017,21.4
10/6/2017,22.13
10/9/2017,22.74
10/10/2017,23.38
10/11/2017,22.96
10/12/2017,23.08
10/13/2017,22.99
10/16/2017,22.45
10/17/2017,22.18
10/18/2017,22.26
10/19/2017,21.52
10/20/2017,21.4
10/23/2017,21.26
10/24/2017,21.12
10/25/2017,21.06
10/26/2017,21.22
10/27/2017,21.36
10/30/2017,21.86
10/31/2017,21.76
11/1/2017,21.35
11/2/2017,20.83
11/3/2017,21.21
11/6/2017,22.22
11/7/2017,18.32
11/8/2017,18.37
11/9/2017,17.51
11/10/2017,17.12
11/13/2017,16.89
11/14/2017,15.66
11/15/2017,15.05
11/16/2017,15.5
11/17/2017,15.48
11/20/2017,16.71
11/21/2017,16.2
11/22/2017,15.88
11/24/2017,15.81
11/27/2017,16.29
11/28/2017,16.11
11/29/2017,16.47
11/30/2017,16.58
12/1/2017,17.74
12/4/2017,17.44
12/5/2017,16.86
12/6/2017,17.24
12/7/2017,17.62
12/8/2017,17.69
12/11/2017,18.79
12/12/2017,18.99
12/13/2017,19.23
12/14/2017,18.91
12/15/2017,19.73
12/18/2017,20.98
12/19/2017,20.08
12/20/2017,19.75
12/21/2017,19.93
12/22/2017,19.68
12/26/2017,20.03
12/27/2017,19.62
12/28/2017,19.79
12/29/2017,19.34
1/2/2018,20.21
1/3/2018,20.21
1/4/2018,20.55
1/5/2018,20.55
1/8/2018,20.13
1/9/2018,19.91
1/10/2018,20.21
1/11/2018,21.26
1/12/2018,21.53
1/16/2018,18.32
1/17/2018,18.43
1/18/2018,19.63
1/19/2018,20.93
1/22/2018,21.26
1/23/2018,21.12
1/24/2018,20.41
1/25/2018,20.02
1/26/2018,21.13
1/29/2018,20.98
1/30/2018,20.31
1/31/2018,20.07
2/1/2018,19.44
2/2/2018,19.49
2/5/2018,18.54
2/6/2018,18.61
2/7/2018,18.87
2/8/2018,17.59
2/9/2018,17.42
2/12/2018,17.65
2/13/2018,16.28
2/14/2018,16.37
2/15/2018,16.29
2/16/2018,16.84
2/20/2018,16.23
2/21/2018,15.55
2/22/2018,17.99
2/23/2018,18.08
2/26/2018,17.52
2/27/2018,16.85
2/28/2018,15.92
3/1/2018,15.52
3/2/2018,16.36
3/5/2018,16.81
3/6/2018,17.23
3/7/2018,17.41
3/8/2018,17.55
3/9/2018,17.84
3/12/2018,17.91
3/13/2018,18.09
3/14/2018,17.6
3/15/2018,17.72
3/16/2018,17.84
3/19/2018,17.58
3/20/2018,17.94
3/21/2018,18.37
3/22/2018,17.69
3/23/2018,17.21
3/26/2018,17.65
3/27/2018,17.3
3/28/2018,17.23
3/29/2018,17.37
4/2/2018,17.02
4/3/2018,17.8
4/4/2018,18.32
4/5/2018,18.45
4/6/2018,18.09
4/9/2018,17.91
4/10/2018,18.42
4/11/2018,18.44
4/12/2018,19.08
4/13/2018,18.81
4/16/2018,19.5
4/17/2018,18.11
4/18/2018,18.12
4/19/2018,17.9
4/20/2018,17.51
4/23/2018,18.46
4/24/2018,18.51
4/25/2018,18.62
4/26/2018,18.74
4/27/2018,19.2
4/30/2018,19.16
5/1/2018,18.58
5/2/2018,19.72
5/3/2018,17.92
5/4/2018,18.7
5/7/2018,19.39
5/8/2018,15.76
5/9/2018,14.99
5/10/2018,14.89
5/11/2018,15.47
5/14/2018,14.88
5/15/2018,14.88
5/16/2018,15.38
5/17/2018,15.79
5/18/2018,14.19
5/21/2018,14.46
5/22/2018,14.61
5/23/2018,14.69
5/24/2018,14.61
5/25/2018,14.28
5/29/2018,13.46
5/30/2018,13.42
5/31/2018,13.21
6/1/2018,13.1
6/4/2018,12.65
6/5/2018,12.93
6/6/2018,13.28
6/7/2018,13.7
6/8/2018,13.91
6/11/2018,14.79
6/12/2018,16.01
6/13/2018,15.79
6/14/2018,15.81
6/15/2018,15.41
6/18/2018,15.99
6/19/2018,16.62
6/20/2018,17.26
6/21/2018,17.02
6/22/2018,17.57
6/25/2018,16.71
6/26/2018,14.76
6/27/2018,14.39
6/28/2018,13.46
6/29/2018,13.42
7/2/2018,13.78
7/3/2018,13.51
7/5/2018,13.84
7/6/2018,14.24
7/9/2018,14.97
7/10/2018,13.52
7/11/2018,12.87
7/12/2018,12.4
7/13/2018,12.34
7/16/2018,12.05
7/17/2018,11.92
7/18/2018,11.98
7/19/2018,12.2
7/20/2018,12.33
7/23/2018,12.29
7/24/2018,12.23
7/25/2018,12.52
7/26/2018,12.59
7/27/2018,12.22
7/30/2018,12.93
7/31/2018,13.33
8/1/2018,13.25
8/2/2018,13.36
8/3/2018,13.92
8/6/2018,13.71
8/7/2018,17.09
8/8/2018,15.85
8/9/2018,17.06
8/10/2018,17.06
8/13/2018,16.86
8/14/2018,17.41
8/15/2018,17.08
8/16/2018,17.93
8/17/2018,18.28
8/20/2018,18.42
8/21/2018,18.96
8/22/2018,18.72
8/23/2018,17.27
8/24/2018,17.06
8/27/2018,17.05
8/28/2018,17.16
8/29/2018,17.31
8/30/2018,15.57
8/31/2018,15.41
9/4/2018,15.56
9/5/2018,16.07
9/6/2018,15.73
9/7/2018,15.83
9/10/2018,16.4
9/11/2018,16.68
9/12/2018,17.36
9/13/2018,16.5
9/14/2018,16.39
9/17/2018,16.33
9/18/2018,16.63
9/19/2018,16.82
9/20/2018,16.14
9/21/2018,15.95
9/24/2018,15.19
9/25/2018,14.88
9/26/2018,14.75
9/27/2018,14.72
9/28/2018,14.29
10/1/2018,14.37
10/2/2018,14.47
10/3/2018,14.65
10/4/2018,14.18
10/5/2018,13.95
10/8/2018,14.41
10/9/2018,13.98
10/10/2018,13.21
10/11/2018,13.3
10/12/2018,13.72
10/15/2018,14.01
10/16/2018,14.43
10/17/2018,14.4
10/18/2018,13.19
10/19/2018,13.38
10/22/2018,13.28
10/23/2018,13.29
10/24/2018,11.43
10/25/2018,12.4
10/26/2018,11.8
10/29/2018,11.86
10/30/2018,12.23
10/31/2018,12.03
11/1/2018,12.71
11/2/2018,12.91
11/5/2018,13.56
11/6/2018,13.77
11/7/2018,14.46
11/8/2018,14.26
11/9/2018,16.99
11/12/2018,16.64
11/13/2018,16.58
11/14/2018,16.35
11/15/2018,16.73
11/16/2018,16.49
11/19/2018,16.28
11/20/2018,15.2
11/21/2018,15.93
11/23/2018,16.01
11/26/2018,16.78
11/27/2018,17.14
11/28/2018,18.35
11/29/2018,16.32
11/30/2018,16.37
12/3/2018,16.14
12/4/2018,15.3
12/6/2018,15.36
12/7/2018,14.5
12/10/2018,14.21
12/11/2018,13.57
12/12/2018,13.41
12/13/2018,13
12/14/2018,12.59
12/17/2018,13.04
12/18/2018,13.35
12/19/2018,13
12/20/2018,13.03
12/21/2018,11.74
12/24/2018,11.57
12/26/2018,12.74
12/27/2018,12.72
12/28/2018,12.4
12/31/2018,11.95
1/2/2019,12.29
1/3/2019,11.61
1/4/2019,12.28
1/7/2019,12.84
1/8/2019,12.72
1/9/2019,13.49
1/10/2019,13.7
1/11/2019,14.11
1/14/2019,14.18
1/15/2019,14.12
1/16/2019,14.13
1/17/2019,14.4
1/18/2019,15.03
1/22/2019,14.39
1/23/2019,13.19
1/24/2019,13.41
1/25/2019,14.21
1/28/2019,14.27
1/29/2019,13.86
1/30/2019,14.29
1/31/2019,14.52
2/1/2019,14.62
2/4/2019,14.64
2/5/2019,14.66
2/6/2019,14.51
2/7/2019,14.39
2/8/2019,13.72
2/11/2019,14.96
2/12/2019,14.71
2/13/2019,14.82
2/14/2019,14.95
2/15/2019,15.07
2/19/2019,15.24
2/20/2019,15.09
2/21/2019,16.23
2/22/2019,16.43
2/25/2019,16.88
2/26/2019,17.56
2/27/2019,17.14
2/28/2019,16.71
3/1/2019,16.93
3/4/2019,17.49
3/5/2019,15.76
3/6/2019,15.13
3/7/2019,14.44
3/8/2019,14
3/11/2019,14.28
3/12/2019,14.17
3/13/2019,14.52
3/14/2019,14.51
3/15/2019,14.47
3/18/2019,14.82
3/19/2019,14.84
3/20/2019,14.9
3/21/2019,15.32
3/22/2019,14.3
3/25/2019,14.51
3/26/2019,14.88
3/27/2019,14.94
3/28/2019,15.18
3/29/2019,15.2
4/1/2019,15.26
4/2/2019,15.26
4/3/2019,15.59
4/4/2019,16.01
4/5/2019,15.81
4/8/2019,15.32
4/9/2019,15.5
4/10/2019,15.38
4/11/2019,15.43
4/12/2019,15.8
4/15/2019,15.11
4/16/2019,15.1
4/17/2019,14.94
4/18/2019,15.16
4/22/2019,15.3
4/23/2019,15.77
4/24/2019,15.99
4/25/2019,15.7
4/26/2019,16.21
4/29/2019,15.96
4/30/2019,15.91
5/1/2019,16.1
5/2/2019,16.71
5/3/2019,17.16
5/6/2019,17.26
5/7/2019,15.8
5/8/2019,15.66
5/9/2019,15.59
5/10/2019,15.45
5/13/2019,15.34
5/14/2019,15.27
5/15/2019,15.36
5/16/2019,14.96
5/17/2019,14.31
5/20/2019,14.01
5/21/2019,14.02
5/22/2019,13.52
5/23/2019,13.7
5/24/2019,13.62
5/28/2019,13.28
5/29/2019,13.28
5/30/2019,12.77
5/31/2019,12.31
6/3/2019,12.37
6/4/2019,13.49
6/5/2019,13.57
6/6/2019,13.7
6/7/2019,13.91
6/10/2019,14.02
6/11/2019,14.11
6/12/2019,14.17
6/13/2019,14.56
6/14/2019,15.38
6/17/2019,15.91
6/18/2019,16.8
6/19/2019,16.34
6/20/2019,16.34
6/21/2019,16.41
6/24/2019,16.42
6/25/2019,16.53
6/26/2019,16.14
6/27/2019,16.55
6/28/2019,15.96
7/1/2019,15.66
7/2/2019,15.45
7/3/2019,16.01
7/5/2019,16.31
7/8/2019,16.11
7/9/2019,16.34
7/10/2019,15.71
7/11/2019,15.31
7/12/2019,15.29
7/15/2019,15.47
7/16/2019,15.24
7/17/2019,14.86
7/18/2019,15.07
7/19/2019,14.9
7/22/2019,14.53
7/23/2019,14.68
7/24/2019,15.72
7/25/2019,15.91
7/26/2019,16.05
7/29/2019,16.01
7/30/2019,16.13
7/31/2019,15.52
8/1/2019,14.89
8/2/2019,14.68
8/5/2019,14.23
8/6/2019,14.94
8/7/2019,14.17
8/8/2019,14.61
8/9/2019,14.48
8/12/2019,13.38
8/13/2019,13.38
8/14/2019,12.6
8/15/2019,12.05
8/16/2019,12.26
8/19/2019,12.47
8/20/2019,12.4
8/21/2019,12.09
8/22/2019,12.12
8/23/2019,11.76
8/26/2019,11.9
8/27/2019,11.7
8/28/2019,11.65
8/29/2019,12.11
8/30/2019,12.11
9/3/2019,11.83
9/4/2019,11.93
9/5/2019,12.37
9/6/2019,12.43
9/9/2019,13.9
9/10/2019,14.25
9/11/2019,14.39
9/12/2019,14.91
9/13/2019,15
9/16/2019,14.82
9/17/2019,14.59
9/18/2019,14.01
9/19/2019,13.5
9/20/2019,13.33
9/23/2019,13.68
9/24/2019,13.6
9/25/2019,13.77
9/26/2019,13.6
9/27/2019,13.67
9/30/2019,13.84
10/1/2019,13.54
10/2/2019,12.61
10/3/2019,12.36
10/4/2019,12.44
10/7/2019,12.58
10/8/2019,12.46
10/9/2019,12.73
10/10/2019,12.93
10/11/2019,13.53
10/14/2019,13.64
10/15/2019,13.77
10/16/2019,13.72
10/17/2019,13.98
10/18/2019,13.72
10/21/2019,14.08
10/22/2019,14.55
10/23/2019,14.54
10/24/2019,13.86
10/25/2019,13.92
10/28/2019,14.19
10/29/2019,13.85
10/30/2019,13.55
10/31/2019,13.51
11/1/2019,13.74
11/4/2019,14.13
11/5/2019,16.1
11/6/2019,16.2
11/7/2019,16.34
11/8/2019,16.66
11/11/2019,16.79
11/12/2019,16.61
11/13/2019,16.28
11/14/2019,16.28
11/15/2019,16.47
11/18/2019,16.24
11/19/2019,15.91
11/20/2019,15.09
11/21/2019,15.37
11/22/2019,15.61
11/25/2019,16
11/26/2019,15.75
11/27/2019,15.72
11/29/2019,15.5
12/2/2019,15.32
12/3/2019,15.2
12/4/2019,15.33
12/5/2019,15.34
12/6/2019,16.22
12/9/2019,16.19
12/10/2019,16.14
12/11/2019,16.21
12/12/2019,15.43
12/13/2019,15.51
12/16/2019,15.86
12/17/2019,16.1
12/18/2019,16.01
12/19/2019,15.95
12/20/2019,16.19
12/23/2019,16.13
12/24/2019,16.25
12/26/2019,15.84
12/27/2019,15.66
12/30/2019,15.63
12/31/2019,15.75
1/2/2020,16.07
1/3/2020,15.88
1/6/2020,15.98
1/7/2020,15.84
1/8/2020,16.26
1/9/2020,16.44
1/10/2020,15.86
1/13/2020,16.25
1/14/2020,16.8
1/15/2020,16.54
1/16/2020,16.7
1/17/2020,16.11
1/21/2020,16.31
1/22/2020,16.31
1/23/2020,16.41
1/24/2020,16.25
1/27/2020,15.52
1/28/2020,16.06
1/29/2020,16.01
1/30/2020,15.91
1/31/2020,15.76
2/3/2020,15.87
2/4/2020,16.62
2/5/2020,17.24
2/6/2020,16.94
2/7/2020,16.82
2/10/2020,17.5
2/11/2020,18.09
2/12/2020,18.74
2/13/2020,19.58
2/14/2020,19.71
2/18/2020,19.56
2/19/2020,19.41
2/20/2020,20.29
2/21/2020,20.25
2/24/2020,19.36
2/25/2020,16.5
2/26/2020,14.35
2/27/2020,13.15
2/28/2020,12.79
3/2/2020,12.53
3/3/2020,11.79
3/4/2020,11.45
3/5/2020,9.77
3/6/2020,8.86
3/9/2020,7.42
3/10/2020,8.37
3/11/2020,8.21
3/12/2020,7.01
3/13/2020,8.24
3/16/2020,6.11
3/17/2020,5.6
3/18/2020,3.38
3/19/2020,4.15
3/20/2020,5.14
3/23/2020,6.58
3/24/2020,8.21
3/25/2020,7.71
3/26/2020,7.24
3/27/2020,6.18
3/30/2020,5.96
3/31/2020,6.18
4/1/2020,5.47
4/2/2020,5.02
4/3/2020,4.79
4/6/2020,5.12
4/7/2020,5.69
4/8/2020,5.96
4/9/2020,6.26
4/13/2020,5.76
4/14/2020,6.02
4/15/2020,5.8
4/16/2020,4.93
4/17/2020,5.01
4/20/2020,4.65
4/21/2020,4.27
4/22/2020,4.04
4/23/2020,3.95
4/24/2020,3.71
4/27/2020,4.48
4/28/2020,5
4/29/2020,4
4/30/2020,4.04
5/1/2020,3.51
5/4/2020,3.59
5/5/2020,3.01
5/6/2020,2.92
5/7/2020,3.05
5/8/2020,3.27
5/11/2020,3.19
5/12/2020,2.9
5/13/2020,2.76
5/14/2020,2.79
5/15/2020,2.64
5/18/2020,3.17
5/19/2020,2.96
5/20/2020,3.01
5/21/2020,3.07
5/22/2020,2.84
5/26/2020,0.56
5/27/2020,1.31
5/28/2020,1.02
5/29/2020,1
6/1/2020,0.89
6/2/2020,0.85
6/3/2020,0.82
6/4/2020,1.5
6/5/2020,2.57
6/8/2020,5.53
6/9/2020,4.18
6/10/2020,2.52
6/11/2020,2.06
6/12/2020,2.83
6/15/2020,1.88
6/16/2020,1.95
6/17/2020,2
6/18/2020,1.8
6/19/2020,1.73
6/22/2020,1.4
6/23/2020,1.24
6/24/2020,1.61
6/25/2020,1.69
6/26/2020,1.49
6/29/2020,1.45
6/30/2020,1.41
7/1/2020,1.47
7/2/2020,1.5
7/6/2020,1.46
7/7/2020,1.37
7/8/2020,1.48
7/9/2020,1.45
7/10/2020,1.45
7/13/2020,1.4
7/14/2020,1.43
7/15/2020,1.45
7/16/2020,1.44
7/17/2020,1.48
7/20/2020,1.49
7/21/2020,1.46
7/22/2020,1.74
7/23/2020,1.67
7/24/2020,1.58
7/27/2020,1.54
7/28/2020,1.49
7/29/2020,1.53
7/30/2020,1.48
7/31/2020,1.45
8/3/2020,1.4
8/4/2020,1.47
8/5/2020,1.59
8/6/2020,1.55
8/7/2020,1.51
8/10/2020,1.69
8/11/2020,1.57
8/12/2020,1.59
8/13/2020,1.54
8/14/2020,1.55
8/17/2020,1.49
8/18/2020,1.49
8/19/2020,1.46
8/20/2020,1.47
8/21/2020,1.47
8/24/2020,1.46
8/25/2020,1.43
8/26/2020,1.45
8/27/2020,1.45
8/28/2020,1.51
8/31/2020,1.46
9/1/2020,1.43
9/2/2020,1.46
9/3/2020,1.41
9/4/2020,1.44
9/8/2020,1.44
9/9/2020,1.41
9/10/2020,1.4
9/11/2020,1.36
9/14/2020,1.36
9/15/2020,1.33
9/16/2020,1.33
9/17/2020,1.36
9/18/2020,1.32
9/21/2020,1.28
9/22/2020,1.3
9/23/2020,1.26
9/24/2020,1.21
9/25/2020,1.21
9/28/2020,1.22
9/29/2020,1.13
9/30/2020,1.11
10/1/2020,1.1
10/2/2020,1.08
10/5/2020,1.06
10/6/2020,1.09
10/7/2020,1.08
10/8/2020,1.12
10/9/2020,1.1
10/12/2020,1.09
10/13/2020,1.05
10/14/2020,1.05
10/15/2020,1.03
10/16/2020,2.5
10/19/2020,2.17
10/20/2020,1.84
10/21/2020,1.6
10/22/2020,1.76
10/23/2020,1.75
10/26/2020,1.67
10/27/2020,1.62
10/28/2020,1.8
10/29/2020,1.78
10/30/2020,0.7
11/2/2020,0.89
11/3/2020,0.88
11/4/2020,0.86
11/5/2020,0.9
11/6/2020,1.15
11/9/2020,1.32
11/10/2020,1.17
11/11/2020,1.16
11/12/2020,1.14
11/13/2020,1.11
11/16/2020,1.09
11/17/2020,1.09
11/18/2020,1.11
11/19/2020,1.13
11/20/2020,1.11
11/23/2020,1.08
11/24/2020,1.32
11/25/2020,1.34
11/27/2020,1.41
11/30/2020,1.59
12/1/2020,1.71
12/2/2020,1.77
12/3/2020,1.91
12/4/2020,2.27
12/7/2020,2.53
12/8/2020,2.01
12/9/2020,1.64
12/10/2020,1.8
12/11/2020,1.84
12/14/2020,1.78
12/15/2020,1.64
12/16/2020,1.63
12/17/2020,1.65
12/18/2020,1.65
12/21/2020,1.58
12/22/2020,1.55
12/23/2020,1.51
12/24/2020,1.5
12/28/2020,1.51
12/29/2020,1.49
12/30/2020,1.39
12/31/2020,1.28
1/4/2021,1.3
1/5/2021,1.39
1/6/2021,1.36
1/7/2021,1.4
1/8/2021,1.4
1/11/2021,1.34
1/12/2021,1.33
1/13/2021,1.3
1/14/2021,1.29
1/15/2021,1.26
1/19/2021,1.22
1/20/2021,1.21
1/21/2021,1.5
1/22/2021,1.57
1/25/2021,1.6
1/26/2021,1.64
1/27/2021,1.96
1/28/2021,1.63
1/29/2021,1.75
2/1/2021,1.83
2/2/2021,1.82
2/3/2021,1.84
2/4/2021,1.8
2/5/2021,1.85
2/8/2021,1.85
2/9/2021,1.88
2/10/2021,1.78
2/11/2021,1.65
2/12/2021,1.64
2/16/2021,1.65
2/17/2021,1.62
2/18/2021,1.55
2/19/2021,1.64
2/22/2021,1.65
2/23/2021,1.65
2/24/2021,1.86
2/25/2021,1.78
2/26/2021,1.74
3/1/2021,1.64
3/2/2021,1.19
3/3/2021,0.88
3/4/2021,0.66
3/5/2021,0.89
3/8/2021,0.92
3/9/2021,0.9
3/10/2021,0.85
3/11/2021,0.81
3/12/2021,0.79
3/15/2021,0.86
3/16/2021,1
3/17/2021,1.09
3/18/2021,1.09
3/19/2021,1.17
3/22/2021,1.14
3/23/2021,1.13
3/24/2021,1.25
3/25/2021,1.26
3/26/2021,1.42
3/29/2021,1.41
3/30/2021,1.6
3/31/2021,1.72
4/1/2021,1.85
4/5/2021,1.39
4/6/2021,1.16
4/7/2021,1.37
4/8/2021,1.47
4/9/2021,1.54
4/12/2021,1.34
4/13/2021,1.24
4/14/2021,1.2
4/15/2021,1.23
4/16/2021,1.73
4/19/2021,1.8
4/20/2021,1.9
4/21/2021,1.74
4/22/2021,1.73
4/23/2021,1.8
4/26/2021,1.9
4/27/2021,2.13
4/28/2021,2.15
4/29/2021,2.1
4/30/2021,2.26
5/3/2021,3.22
5/4/2021,3.06
5/5/2021,3.8
5/6/2021,3.82
5/7/2021,3.48
5/10/2021,3.61
5/11/2021,3.69
5/12/2021,5.72
5/13/2021,6.4
5/14/2021,6.8
5/17/2021,6.27
5/18/2021,5.76
5/19/2021,5.73
5/20/2021,6.16
5/21/2021,6.6
5/24/2021,6.39
5/25/2021,6.25
5/26/2021,6.03
5/27/2021,6.04
5/28/2021,6.05
6/1/2021,6.27
6/2/2021,6.38
6/3/2021,6.22
6/4/2021,5.96
6/7/2021,6.21
6/8/2021,6.71
6/9/2021,6.62
6/10/2021,6.85
6/11/2021,7.03
6/14/2021,7.68
6/15/2021,7.91
6/16/2021,8.34
6/17/2021,8.39
6/18/2021,8.09
6/21/2021,7.78
6/22/2021,7.55
6/23/2021,7.02
6/24/2021,6.8
6/25/2021,6.75
6/28/2021,8.85
6/29/2021,8.89
6/30/2021,8.74